"postTitle","postDescription","text"
"Mahabir Pun is at National Innovation Center.",,"अहिलेको सरकारले  Mahabir Pun जस्ता  दूरदृष्टि र ज्ञान भएका व्यक्तिहरूका प्रस्तावहरूलाई सरकारले गम्भीर रूपमा लिएर मूल्याङ्कन गर्दै कार्यान्वयन गर्नु आवश्यक छ। नवीन विचारलाई बेवास्ता गर्नुले देशको दीर्घकालीन विकासमा बाधा पुर्‍याउँछ।

सरकारले विज्ञ र सृजनशील व्यक्तिहरूसँग सहकार्य गरी उनीहरूको सुझाव नीतिमा समेट्नुपर्छ, जसले दिगो र प्रभावकारी विकास सुनिश्चित गर्छ।
 
कुनै व्यक्ति स्वतन्त्र उम्मेदवारबाट सभासद बनेको हो भन्ने आधारमा मात्रै उसको भूमिकालाई सीमित गर्नु उपयुक्त हुँदैन। भिजन, ऊर्जा र क्षमता भएका व्यक्तिहरूलाई उनीहरू जुनसुकै क्षेत्रबाट आएका भए पनि अगाडि सार्न र जिम्मेवारी दिन हिच्किचाउनु हुँदैन। यस्ता व्यक्तिहरूको सक्रिय सहभागिताले नै देशको विकास र रूपान्तरण सम्भव हुन्छ।"
"Mahabir Pun is at National Innovation Center.",,"अहिले नगरे कहिले गर्ने यहाँ नगरे कहाँ गर्ने हामीले नगरे कसले गर्ने।"
"Mahabir Pun is at National Innovation Center.",,"Budo on fire 🔥 but he is right"
"Mahabir Pun is at National Innovation Center.",,"खै त दाइ किन नसुनेको हो जनता ले त हजुर को कुरा बुझेका छ्न नि जनता ले मात्र बुझेर नहुने रहेछ त"
"Mahabir Pun is at National Innovation Center.",,"बालेनसँग one-to-one माननीय भएपछि कुरा हुँदा यो कुरा राख्नु भयो कि नाइ? अरू विगतका लागि पनि कुरा गरेको भन्नु भएको हो भने, अब कुरा राखिसक्नु भएको छ भने पनि फेरि कुरा राख्नु होला, अनि हेरौं के निर्णय लिन्छन्।"
"Mahabir Pun is at National Innovation Center.",,"यत्तिका बर्ष दर्जनौ सरकारहरुले तपाईंको यो कुरा किन नसुनेका होलान जस्तो लाग्छ?"
"Mahabir Pun is at National Innovation Center.",,"संसद भएर अध्यादेश ल्याउ भनेर कराउछौ । संसद बैठक बोलाउन लगाएर स्टाटस मार्फत भन्नूको सट्टा संसद बैठकमै माग गर्नु नि ।"
"Mahabir Pun is at National Innovation Center.",,"हामी पनि यहाँ बाट नियालेर हेर्दैछौ"
"Mahabir Pun is at National Innovation Center.",,"नरिसाउनुस् न,अहिलेकालाई राम्रो सल्लाह दिनोस गर्छन क्या🙏🙏"
"Mahabir Pun is at National Innovation Center.",,"बिज्ञान प्रबिधि अनुसन्धान तथा नबप्रवर्तन मन्त्रि महाबिर पुन सरलाई बनाउनुपर्यो जसरिपनि"
"Mahabir Pun is at National Innovation Center.",,"🙏🙏🙏🙏🙏"
"Mahabir Pun is at National Innovation Center.",,"यस सर यू र ग्रेट"
"Mahabir Pun is at National Innovation Center.",,"बुढा तिम्लाई विज्ञान तथा भौतिक पूर्वाधार मन्त्रालय दिन्छ किन frustrate भएको?😂"
"Mahabir Pun is at National Innovation Center.",,"अरु जे सुकै होस् बिकासै नहोस् केही फरक परेन,तर कहिलेकाहीँ गाउँ गाउँमा घुम्ने कसरी बसेको छ जनताहरू कस्तो खान्छ! हेर्न भएनि घुम्न पर्छ है सांसद ज्यु सहर बजार तिरै किताब मात्र बेचेर बस्ने होइन फेरि।"
"Mahabir Pun is at National Innovation Center.",,"Well Daju ju don't expect too much  from Balen the nasty man 😒 🙏💙"
"Mahabir Pun is at National Innovation Center.",,"मनका कुरा"
"Mahabir Pun is at National Innovation Center.",,"केही समय पर्खनु पर्छ परिवर्तन अबस्य हुन्छ ।"
"Mahabir Pun is at National Innovation Center.",,"हतार नगर्नु न बाजे सरकारले ब्यबस्था मिलाउदै छ काम गर्ने वातावरण बन्दै छ त्यस पछि सरकारले आफै बोलाएर हजुरको सल्लाह लिन्छ ढुक्क हुनुहोस हजुर 😊❤️"
"Mahabir Pun is at National Innovation Center.",,"अहिले को प्रधानमन्त्री ले पनि केही खुत्याउदैन उहि गरिब जनता लाई पेल्ने मात्रै हो अनि आफ्नो धर्म जोगाउने अरुको चर्च गुम्बा भत्काउने हो ।"
"Mahabir Pun is at National Innovation Center.",,"मन्त्रलय गाबने नाम परिवरतन गर्ने कुरा सामाजिक सन्जाल मा देखिन्छ । अझै  मन्त्रलयको ढोका ढोका मा गयर कराउनुस यो बेला नगरेर कहिले गर्ने"
"Mahabir Pun is at National Innovation Center.",,"कुरा सहि हो"
"Mahabir Pun is at National Innovation Center.",,"यादम सत्य कुरा मननीय ज्यू"
"Mahabir Pun is at National Innovation Center.",,"Aru hos nahos kaka ko sadhai Jai hoss 🙏💚🙏"
"Mahabir Pun is at National Innovation Center.",,"स्वतन्त्र पर्नु भो माननीय ज्यू! अरुले पनि तपाईं लाई स्वतन्त्र ढंगले नै हेर्छन्होला है"
"Mahabir Pun is at National Innovation Center.",,"हेर्ने मात्र हो बोलेको सुन्ने होईन🤭"
"Mahabir Pun is at National Innovation Center.",,"प्रधानमन्त्रीलाई भेटेर सुझाव दिनुपर्यो दाजु । कहिलेकाहीँ साउटी गर्दापनी काम बन्छ । ब्यग्तिगत स्वार्थको लागि हैन देशको लागि हो क्यार ।"
"Mahabir Pun is at National Innovation Center.",,"Garxa hou hajurba, tension na Linus na, ali time laagla."
"Mahabir Pun is at National Innovation Center.",,"यसले पनि केही गर्दैन ढुक्क हाै मगर दाइ । तिम्रा कुरा सब ठिक तर zenz सरकारकाे मन्त्रि बन्नु चैं गलत हाे । तिमी पनि राजा बिराेधि हाै । राजाकाे बिराेध गरुन्जेल केही हुँदैन याे देशमा ढुक्क हाै । मातृभुमि र जनताकाे माया राजा बाहेक यी गणतन्त्रे कसैसँग छैन ।"
"Mahabir Pun is at National Innovation Center.",,"100% Saho ho dai🙏🙏🙏🇳🇵❤️❤️"
"Mahabir Pun is at National Innovation Center.",,"बुझ्ने मान्छे का कुरा यस्ता हुन्छन्🫡 🙏❤️"
"Mahabir Pun is at National Innovation Center.",,"तपाईंको सोचे जस्तै निर्णय होस् ।"
"Mahabir Pun is at National Innovation Center.",,"हो त्यसैले यो देशको आमूल परिवर्तन गर्नु छ भने अब मुलबासी समुदाय बाट नै प्रधानमन्त्री बन्नु पर्छ! बनाउनु पर्छ है भन्दा कुरा पत्याउँदैनन् सुन्दैनन् बुझ्दैनन् हाम्रा गुइठेहरू 😁 अरुको त भूत, वर्तमान र भविष्य सम्मै आश मात्रै गर्नु भर चाहिँ नपर्नु 😂🤣"
"Mahabir Pun is at National Innovation Center.",,"कसले बुझ्ला काका काे कुरा।"
"Mahabir Pun is at National Innovation Center.",,
"Mahabir Pun is at National Innovation Center.",,"Hami pani herdai xau"
"Mahabir Pun is at National Innovation Center.",,"अहिलेकाले गर्छन भन्ने पुर्ण आशा छ दाजु 🙏❤️❤️"
"Mahabir Pun is at National Innovation Center.",,"Ka 25 barsa ka 1maina kurai milena 😃"
"Mahabir Pun is at National Innovation Center.",,"Ekdam sahi kura"
"Mahabir Pun is at National Innovation Center.",,"Yo le balla doleyo yopani thag ho"
"Mahabir Pun is at National Innovation Center.",,"Mahendra raja bahek kohe janmeko xaina"
"Mahabir Pun is at National Innovation Center.",,"🙏🙏🙏"
"Mahabir Pun is at National Innovation Center.",,"Mahabir Pun  दाइ अहिलेको प्रधानमन्त्री गरिबी बढाउने, जनताले आर्जेको खाइ नखाइ जोडेको सम्पति धुलोपिठो पार्ने,  बिदेशबाट दिनको एक अरब रिण ल्याउने, जनतालाइ पासपोर्ट हातमा थम्याइ दिने हो।"
"Mahabir Pun is at National Innovation Center.",,"चुपचाप भोट दिएसी चुपचाप बस्ने। हल्ला गर्न नपाइ।"
"Mahabir Pun is at National Innovation Center.",,"खरानी ग्याङ हो तिमि ??"
"Mahabir Pun is at National Innovation Center.",,"होनि बार्षिक बजेटमा पनि सम्बोधन गरेनछन भने बालेनले देश बनाउछ भन्नु  मुर्खता हो"
"Mahabir Pun is at National Innovation Center.",,"पुराना साना दल हरुले देश लाइ गरीब बनाए र आफु धनि भए जनता लाइ  नंग्याएर छोडे"
"Mahabir Pun is at National Innovation Center.",,"🙏 आहिले को ले घर बस्ती भत्काएर 2 जना मान्छे मार्यो मान्यनिय ज्यू,"
"Mahabir Pun is at National Innovation Center.",,"गोक्ते बुढा हर्कको भिजनमा हिडेमा मात्र देशमा बिकाश हुन्छ।भन्ने थाह छैन।अहिलेको सरकार को त तारिफ गर्छौत के यो सरकारले भ्रस्टाचार को अन्त्य गर्छ त ? देशमा बिकास को मुल फुटाउला जस्तो देख्छौ त ?यो सरकारले अध्यादेश बाट काम गर्ने कुराको समर्थन गरेको छौ त।अध्यादेश के को लागि हो भनेर बुझेको छौर ?यो अध्यादेश भ्रस्टाचार अन्त्य गर्नको लागि होकि अब हाम्रो पालो देश लुट्ने भन्ने हो।"
"Mahabir Pun is at National Innovation Center.",,"Rojgar Ko srijana garnu ra student harulai part time job Ko pani srijana garnu parxa ra aafule kam gare paxi tyo anusar Ko salary pani paunu parxa Nepal ma hamro kalilo bachcha harulai kam lagaune ani paisa nadine ekdum common vaisakyo mari mari kam garyo paisa suko nadine binakaran kam bat nikalne paisa dinu parxa vaner mero xori le kam gareko ek paisa diyena yesto lai pani karbahi garnu parxa"
"Mahabir Pun is at National Innovation Center.",,"Bujhnu hunx baje don't worry ahile PM Le chinta nagarnus"
"Mahabir Pun is at National Innovation Center.",,"Mahabir Pun अनि हर्कले हिजो interview मा भन्दै थियो अध्यादेश सम्बन्धि महाबिर जि लाई केही थाहै छैन रे ....थाहा नभको मान्छेले यो सरकारलाई समर्थन गरिहाल्छ नि ....अब यसको जवाफ दिनुपर्यो मान्य ज्यु"
"Mahabir Pun is at National Innovation Center.",,"Hunxa kaka but vayena vne tyai ho pahile ko 35 barsa le nagareko ahile 5 barsa tmi haru lai sabai chahiyo vanxan ani katha sakiyo😀😀
Khair tyasto nahos ra navanos😀😀"
"Mahabir Pun is at National Innovation Center.",,"तेरीमा गुइठे दाल भात खाने जीवन चलाउने।"
"Mahabir Pun is at National Innovation Center.",,"अनि Harka Sampang A Revolution भन्ने बादर मुखेले त , तपाइ लाइ केहि नजान्ने भनेर सम्बोधन गर्दै थियो त यउटा भिडियो मा । तपाइ लाइ त लास्टै हेप्यो ।"
"Mahabir Pun is at National Innovation Center.",,"Agadi nai gayera vanna parao"
"Mahabir Pun is at National Innovation Center.",,"हेर्ने भन्दा पनि के कसरी गर्न सकिन्छ सल्लाह सुझाव दिँदा राम्रो मा.Mahabir Pun"
"Mahabir Pun is at National Innovation Center.",,"त्यो Harka बौलाहा ले  के भन्यो तपाई लाइ"
"Mahabir Pun is at National Innovation Center.",,"Harka is gentle 🙏
 Gajedi, sahakari thag & All jhole is mental 💀😂"
"Mahabir Pun is at National Innovation Center.",,"अहिले को प्रधानमन्त्री शंख बजाएर रूद्री पढेर सपथ ग्रहण गर्ने मानिस हुन् । 
उनले बिज्ञान र प्रबिधी भन्दा सत्ता र मन्दिर लाई प्रार्थमिकतामा राख्ला बाँकी सानो तिनो सुधार हरू गर्ला । 
यो बिज्ञान र प्रबिधी को कुरा यि शिबलिंग पुज्ने हरू ले बुझ्दैनन् ।"
"Mahabir Pun is at National Innovation Center.",,"ए काका हजुर ले भनेको कसैले सुन्दैन किन कराउनु हुन्छ यो देश हजुर जस्तो सत्य मिहेनती इमानदारी को हैन क्या बुझ्नु न🙏🙏🙏"
"Mahabir Pun is at National Innovation Center.",,"प्रधानमन्त्री ज्यू ध्यानाकर्षण होस् चाडैं ।अहिले नभए कहिले हुन्छ?"
"Mahabir Pun is at National Innovation Center.",,"Mahabir Pun ज्यु  मुख्य कुरा कृषि तथा पशुपालन क्षेत्रमा लगानी गर्नु पर्यो बैङ्किङ क्षेत्रको लगानी करोड पति हरुमा मात्र सिमित भयो, गाउँ ठाउँ मा घर जग्गा हुने ले लगानि को अभाबमा केहि गर्न सक्दैनन् बैङ्क हरु पिच वाटो भएको जग्गा मात्र खोज्दै हिन्छन। यसमा पनि सरकाले ध्यान दिनुपर्यो स साना लगानि गाँउ ठाउँमा गर्ने अवस्था सहज भएमा युवा विदेशिने क्रम कम हुन्छ। सानो मा कसैको आँखा लाग्दैन!! देश दलाली र कमिसन प्रवृत्ति ले ढाकि सक्यो। समस्या को समाधान आन्दोलन मात्र बन्यो, आन्दोलनमा निजी तथा सरकारी वस्तु र सम्रचना को बिनास गर्यो....चोक चोक गल्ली गल्लीमा,बसपार्क, एयरपोर्ट स्कुल हस्पिटल.... जताततै ठग हरुको बिगबिगी।।।। हे भगवान 🙏"
"Mahabir Pun is at National Innovation Center.",,"हामी सबैको बिश्वास छ बालेन सरकारले हजुरको उदेश्य पुरा गर्नुहुनेछ किनभने हजुर जस्तै उहाको पनि सम्रिध नेपाल बनाउने सोच छ ।। 🙏🙏"
"Mahabir Pun is at National Innovation Center.",,"जुन जोगि आए पनि कान चिरेको नै आउने रहेछ त बिज्ञान भनेको के हो भनेरा नै थाहा छैन रहेछ त बिज्ञान पढ्ने सामसाथ नै यो पालि सामसात भएको छैन त कसरि हुन्छ त बिज्ञान तथा नवप्रबत को बिकाश"
"Mahabir Pun is at National Innovation Center.",,"Mahabir Pun गर्छन् धैर्य राख्नुहोस्।🙏"
"Mahabir Pun is at National Innovation Center.",,"Chaat kaat auula jasto chaina  baru aru idea lagayaa kaso hola. Yeso idea chaiyaama free ma samparka garnu hola 🙏🙏🇳🇵🇳🇵"
"Mahabir Pun is at National Innovation Center.",,"एउटा नव प्रवर्तन एवं अनुसन्धान मन्त्रालय खोल्ने र त्यसको मन्त्री महावीर पुन लाइ बनाइदिने हो भने सबै जनता पनि खुसी हुने थिए र देश पनि बन्ने थियो।"
"Mahabir Pun is at National Innovation Center.",,"दवाव पनि दिनु पर्यो। सहयोग को लागि हामी साथमा छौ।"
"Mahabir Pun is at National Innovation Center.",,"class nai linu paro kaka ava sunenan kasaile pani"
"Mahabir Pun is at National Innovation Center.",,"जस्ता जोगी आए पनि कान नै चिरेका"
"Mahabir Pun is at National Innovation Center.",,"नजिकबाट हेर्नु पर्दैन अहिलेको प्र.म. ले सबै गर्छ ढुक्क हुनुहोस् तपाईं। तर यो भनाई मेरो होइन वहाँ हरुको हो।"
"Mahabir Pun is at National Innovation Center.",,"हजुर को योजना सफल होस आउदो बजेट मा यो सरकार ले हजुरले देखाएको बाटो समातोस सुबकामना"
"Mahabir Pun is at National Innovation Center.",,"बजेटको १% भएपनि निकाल्नै पर्छ। ताकि यो सुरुवात होस् भोलिका दिनहरुमा पढाउँदै जानुपर्छ। नयाँ युग पाउनको लागि नयाँ परिवर्तन हुनैपर्छ त्यसका लागि आधुनिक कुराहरू सिर्जना गर्नैपर्छ। पुरानै शैलीमा गरेर विकास हुँदैन।"
"Mahabir Pun is at National Innovation Center.",,"बालेन लाई सुनाउनुस न बा"
"Mahabir Pun is at National Innovation Center.",,"नेपाली समाजमा विद्यमान प्रवृत्तिजन्य कमजोरी र समस्याबारे चर्चा गर्दा नेता र हाकीम तहमा भ्रष्टाचार, सत्तालोलुपता, परनिर्भरता, सुशासनको अभाव, - लोभीपापी प्रवृत्ति, परम्परागत मनोविज्ञान र चौर्यतन्त्रको विगबिगी छ भने जनतामा कुकुरे, भेडे र बाँदरे र रमिते प्रवृत्ति, बाघे र ब्वाँसो , अन्धविश्वास, अन्धपरम्परा एवं अन्धआस्था वा भाग्यवाद ले नेपाल सधै रणमैदानमै सिमीत रहयो ।"
"Mahabir Pun is at National Innovation Center.",,"याे हर्के त पागल रैछ यसलाई निलम्बन गरियोस् नत्र फेरि ठुलो आन्दोलन हुदैन भन्न सकिन्न"
"Mahabir Pun is at National Innovation Center.",,"गजेडी धोती तानाशाही सरकार मुर्दाबाद ❌❌❌"
"Mahabir Pun is at National Innovation Center.",,"राष्ट्रिय आविष्कार केन्द्र खोलाको छेउछाउ, सडकको छेउछाउ वा सरकारी जमिनले एकदुई फिट छोएको छ कि छैन बेलैमा चेकजाँच गर्नु । यदि यी माथिका ३ कुराभित्र भए तुरुन्तै सार्नु नत्र २४ घण्टा भित्र डोजर आईपुग्ला है माननीय ज्यू 😂!!"
"Mahabir Pun is at National Innovation Center.",,"गर्छन पक्कै पनि ढिलो होला तर अवस्य हुन्छ आशा गरौ"
"Mahabir Pun is at National Innovation Center.",,"Zen-z प्रधानमन्त्रीलाई सिंहदरबारमा नै गएर भेटघाट गरेर प्रस्ताव राख्नुपर्यो काका!"
"Mahabir Pun is at National Innovation Center.",,"यदि हर्के ले र ‌महेश भोगटे ले बिरोध गरिरहेका छन् भने सम्झनुहोस् देशमा केही राम्रो हुँदैछ।"
"Mahabir Pun is at National Innovation Center.",,"अरुले बनैदेको सरकार देश र जनताको लागि हैन आफ्नो स्वार्थको लागि हो स्वार्थ पुरा भएसि कि त सुइकाउछन कि त फसाउछन भेडा जनता होहोरेको पछि बिडम्बना !"
"Mahabir Pun is at National Innovation Center.",,"अहिलेको प्रधानमन्त्रीले नबुझे कसले बुझ्ने? जसरी पनि बुझ्नैपर्छ"
"Mahabir Pun is at National Innovation Center.",,"Mahabir Pun  kaka hunxa bistrai hunxa sab thok"
"Mahabir Pun is at National Innovation Center.",,"Balen सरकार कुरो गम्भिर आयो त ।"
"Mahabir Pun is at National Innovation Center.",,"अहिलेको प्रधानमन्त्रीले तपाईंको माग पुरा गर्नेछन् ।🙏🙏"
"Mahabir Pun is at National Innovation Center.",,"एकदम सै कुरा 100% सै कुरा"
"Mahabir Pun is at National Innovation Center.",,"यति धेरै चिच्चाउनु पर्दैन हौ पुन जि । बरू यतिञ्जेलमा एक दुई जना ह्याकर प्रोग्रामर लिएर पेगासस जस्तो जासुसि एप्लिकेसन बनाउनु भएको भए सबै काम तमाम हुन्थ्यो । हरेक नेताको हामी सिधै निगरानी राख्न सकुँ ।"
"Mahabir Pun is at National Innovation Center.",,"Kata 

Jati karaa panikhoi keke"
"Mahabir Pun is at National Innovation Center.",,"Timi Sancho vako vaye sunni tiyo Nepal Kai number one joker pareu Ani kos le sunne budo zen_g 😆"
"Mahabir Pun is at National Innovation Center.",,"हजुरले भनेबमाेजिम सरकारले छिट्टै सकारात्मक कदम चालाेस् ।।।"
"Mahabir Pun is at National Innovation Center.",,"अहिलेको प्रधानमन्त्रीले पक्कै सुनवाइ गर्नेछन्"
"Mahabir Pun is at National Innovation Center.",,"बाहिर मिडियामा चाहिँ जे सुकै गर भन्ने अहिले Facebook पोस्ट गरेर समाधान हुन्छ त??सरकारसँग सल्लाह सुझाव पनि लिनु पर्यो नि?"
"Mahabir Pun is at National Innovation Center.",,"“२५ वर्षदेखि समस्या उस्तै छ भने दोष कसको—जनताको चुप्पी कि नेताहरूको असफलता?”"
"Mahabir Pun is at National Innovation Center.",,"सही भन्नुभयो। अब बालेनले के गर्ने हो जनताको मनमा दुविधा छ ।"
"Mahabir Pun is at National Innovation Center.",,"Hami aam jantale ta bujhekai xam"
"Mahabir Pun is at National Innovation Center.",,"राष्ट्रिय कवारी ठेकेदार तिम्रो किताब फिर्ता लिन आइज।"
"Mahabir Pun is at National Innovation Center.",,"Just wait and see"
"Mahabir Pun is at National Innovation Center.",,"हेर्ने भन्दा बरु समन्वय गरेर काम सुरु गर्दा राम्रो हुन्थ्यो कि , अब पनि ढिलाइ नहोस् !!"
"Mahabir Pun is at National Innovation Center.",,"जनता को आस BALEN सरकार को साथ
यस पाली सब HUNX 
जय नेपाल 🇳🇵🇳🇵"
"Mahabir Pun is at National Innovation Center.",,"हात मिलाएर। अधी बढ्नुस् सुन्छन् प्रधामन्त्री ले धैर्य गर्नुस् 🙏"
"Mahabir Pun is at National Innovation Center.",,"केहिँ गरेको प्रमाण पनि छैन। मुद्दा भने हाल्यो, दुख्ख दियो। सरकार मुकदर्शक!
Mahabir Pun"
"Mahabir Pun is at National Innovation Center.",,"अहिलेको सरकारले राष्ट्रिय अविष्कार केन्द्र लाई प्राथमिकतामा राखेर छिटोभन्दा छिटो नेपाललाई विकासको बाटोमा लैजानुपर्छ"
"Mahabir Pun is at National Innovation Center.",,"GB rai leunu nasakne sarkar le khoi desh ma shabirdi leuxa vnnu 72-72 gardim uncle 😂😂😂"
"Mahabir Pun is at National Innovation Center.",,"Garib lai dekhna nasakne garib ko pida bujhdain aaileko sarkar le"
"Mahabir Pun is at National Innovation Center.",,"मपनी हेर्दै छु"
"Mahabir Pun is at National Innovation Center.",,"Same here! PhD sakepa6i   Nepal aaera Research garna man 6 Hamlai ni ! Aafnai jadibuti ma !"
"Mahabir Pun is at National Innovation Center.",,"Sahi kura ho"
"Mahabir Pun is at National Innovation Center.",,"Nuclear weapons ☢️ बनाउनु न काका 

खाली औजार मात्रै बनाउछ यार 😤😤😤
Platting ले खेति योग्य जमिन सकिए त 🤔🤔

अब त समय सापेक्क्ष 
समय सन्दर्भ हिड्नु पर्यो,गर्नु पर्यो
 

गल्ती भए 
माफ पाउॅ 🙏🙏🙏"
"Mahabir Pun is at National Innovation Center.",,"ए ! तेसो पो    मलाई त यस्तो पो लाग्छ हौ र  यो गृह युद्दमा    कवाडी मिस्त्रीको पनि भुमिका छ 
मिसन न 1 दश बर्शे गृहयुद्द गरेर देश तहसनहस बनाउने कुख्यातहरु  र मिसन नम्बर 2 घण्टेहरु हुन     नतिजा भोग्न तयार हुनुहोस ।।"
"Mahabir Pun is at National Innovation Center.",,"1,2 barsa yo kutantra ko safai garna dinus sir tes paxi hajurko kura pani sambhav hola. Hajurko kura akdum thik ra jayej xa tara aile lai dharya gardinus na   🙏🏼🙏🏼"
"Mahabir Pun is at National Innovation Center.",,"अम्रिका सम्म हेर्न मिल्ने दुर्बिन बाट म पनि नियालि रहेछु दाजु ।।।"
"Mahabir Pun is at National Innovation Center.",,"विशेषज्ञ हरू बाट…नेपालमा सम्भावना र अवसर प्रचुर मात्रामा रहेको बताईएको छ !
- अब यो आर्थिक भ्रष्टाचार को हो वा.. विकासको ..!??"
"Mahabir Pun is at National Innovation Center.",,"Yo sarkar le garnu hunx hola manya jiu"
"Mahabir Pun is at National Innovation Center.",,"आशा गरुम केहि हुन्छ कि अब चै"
"Mahabir Pun is at National Innovation Center.",,"अव हजुर Mahabir Pun र हजुरको विज्ञ समुहले सम्बन्धित मन्त्री, प्रधान-मन्त्रीलाई भेटेर आगामी काम र कार्यविधि लिखित रुपमा बुझाएर देशलाई त्यो मार्गमा अगाडी बढाउनु पर्छ |
सारा नेपालीको हजुरलाई साथ, समर्थन छ |
अझै हजुरले यो वा त्योलाई देखाएर काम भएन भन्न मिल्ला र?"
"Mahabir Pun is at National Innovation Center.",,"Samsad nai baseko chhaina k samsad ma kura rakhnu? Ani status ta PM Balen le pani lekhchhan ni ! Uhako postma sadhai like ani good comment garne haru Mahabir sir lai chai kina status lekheko bhanera bhanne !?Ani bheterai bhannus re ! bhetna testo sajilo hune ani ramrari kura suneko bhaye aile uhale post garnuhunthyo ta ? Uhale samsad ma paila pani rakhnu bhako ho ni yo kura. First samsad ko video hernu ta purai PM Balen ani sabai mananiya haruko agadi. Ani khai ta result? Tesaile uhale jhakjhakai rahanu bhayeko ho. Uhalai bolna dinus 🙏 Uhale sabai Nepal ra Nepaliko ramro ko lagi bolirahanu bhayeko chha."
"Mahabir Pun is at National Innovation Center.",,"एक दम एक दम सहि"
"Mahabir Pun is at National Innovation Center.",,"सारै सहि भन्नु भयो"
"Mahabir Pun is at National Innovation Center.",,"Manasiv kura sir ko"
"Mahabir Pun is at National Innovation Center.",,"हेरेर मात्रै हुन्न हो दाई भन्नु पर्यो सुटुकै"
"Mahabir Pun is at National Innovation Center.",,"Yo vandapani manabta harayeko jasto lagxa. Anekow jaat dharma ko adharma bargikaran garidiyo."
"Mahabir Pun is at National Innovation Center.",,"Uha ek Engineer  ￼vako le sayad yo pani garnu hunxa vanne hamile purna aasha liyko chhau"
"Mahabir Pun is at National Innovation Center.",,"Ho herna jaruri xa 🥹 5 barsa samma"
"Mahabir Pun is at National Innovation Center.",,"लौ अहिले का pm बालेन्द्र शाह सुन्दिन परो क्या 🇳🇵🇳🇵"
"Mahabir Pun is at National Innovation Center.",,"Buda ko rish chai kada ho"
"Mahabir Pun is at National Innovation Center.",,"daro kharo kura aha"
"Mahabir Pun is at National Innovation Center.",,"💯% Agree ,pukii Dai ❤️😍"
"Mahabir Pun is at National Innovation Center.",,"अव तपाईं आफै प्रधानमन्त्री नबनेसम्म कसैल सुन्दैन जस्ताे छ।"
"Mahabir Pun is at National Innovation Center.",,"त्यो त हो डा.साहेब तर जोसित भिजन छ त्यो मान्छेसित पनि तपाईको बिचार नमिलेर अर्कैतिर मोडिन्नु भाको जस्तो लाग्छ।अब यो तरिकाले कहिलेसम्म मनका ईच्छा फेस बूकमै पोखि रहन्नु हुने हो?समय आउदा मिल्न सकिएन भने मनको लड्डु मनले खान्छ।बाकी कुरा आफै सोच्नुस।सरकारले गर्ने काम तपाईले बडो बेजोडसित आफुलाई नै समर्पण गरि लाग्नुभाछ।सार्थक कहिले पाउछ कुन्नी?मलाई त लाग्छ यो सपना पूरा गर्न तपाईं आफै प्रधान मन्त्री बन्नु पर्छ जस्तो छ।"
"Mahabir Pun is at National Innovation Center.",,"Ahileko Le garxan jasto xant xa sir nagarnejasto vayo vane hjr thaumaa hunuhunxa hjr Le dabdabaunuhunexa dherae ramro kuro uthaunuvayo dherae2 dhanyebat hjr lae balenle nagare kasaele gardaena… yoi athot xa sampurna jantaharuko ra hjr Le vandae aaunuvayeko xa pani ."
"Mahabir Pun is at National Innovation Center.",,"तपाईं सांसद भइसक्नुभो । अब पनि नजिकबाट नियालेर हेर्ने मात्रै कि केही गर्ने पनि ??"
"Mahabir Pun is at National Innovation Center.",,"काका श्री को कुरामा  म चाही १००%सहमत छु है🫡"
"Mahabir Pun is at National Innovation Center.",,"अहिले को ले त झन,,सिन्को भाच्ने वाला छैन हजुर।।।।"
"Mahabir Pun is at National Innovation Center.",,"You have nailed it Dr Mahabir Dai. 💪"
"Mahabir Pun is at National Innovation Center.",,"कुथीको बाटो हिडेर कांसी पुगिदैन,
कुर त्यै हो।"
"Mahabir Pun is at National Innovation Center.",,"नेपालमा देश बनाउने राष्ट्र भक्त निःस्वार्थ व्यक्ति जन्मदैन जस्तो लागिराछ मलाई नि संसद ज्यू।"
"Mahabir Pun is at National Innovation Center.",,"हजुर ले पनि कुरा राख्न पर्यो डाक्टर साब प्रत्यक्ष भेटेर"
"Mahabir Pun is at National Innovation Center.",,"सहि काम त गरि रहेका छन् गर्छन होला जानकारि जारी राख्नु पर्छ।"
"Mahabir Pun is at National Innovation Center.",,"अनि के देख्नु भा छ ? छातकात छ छैन ?☺️"
"Mahabir Pun is at National Innovation Center.",,"बिगतमा कतिपय  आयाेग, प्रतिष्ठान,बाेर्ड,प्राधिकरण, समितिहरु अनावश्यक रुपमा जनताकाे सेवा सुबिधाका लागि हाेईनकि राजनैतिक भागबण्डाकाे आधारमा सिमित व्यक्तिहरु नियुक्ति भई आवास, गाडी, पेट्राेल, तलब भत्ता लगायतमा राज्यश्राेतकाे फजुल खर्च भएकाेले अनावश्यक निकायहरु खारेज गरि त्याे बजेट शिक्षा, स्वास्थ्यमा लगानी गर्ने, दुरदराज र पहाडका बाटाेघाटाेहरु मर्मत र स्तराेन्नति गरिदिने हाे भने दुर्घटना भई जनताले अकालमा ज्यान गुमाउन र अंगभंग हुनुपर्दैन । कृषकका लागि बिउबिजन र रासायनिक मलमा अनुदान दिने, डिजेलमा अनुदान दिएर भए पनि भाउ घटाईदिने हाे भने ढुवानी सस्ताे हुन्छ,भाडा घट्छ, अनि महंगी कम हुन्छ । कृषकलाई ट्रयाक्टर जाेताई सस्ताे पर्छ ।
 सरकारी खर्च घटाउन कतिपय दाेहाेराे भुमिकामा रहेका सरकारी कार्यालय, फांट/शाखा, पुल र जगेडामा राखिने बिशिष्ठ श्रेणीका कर्मचारीकाे दरबन्दी घटाएर अग्रपंत्तिमा खटिने कर्मचारीकाे संख्या बढाएर सरकारी खर्च बचाउन सकिन्छ । यसाे गर्दा विशिष्ठ श्रेणीका कर्मचारीका लागि आवश्यक पर्ने आावास,गाडी,तलब भत्ता बचत हुनुकाे साथै अग्रपंतिमा खटिने कर्मचारीकाे संख्या बढी भयाे भने जनताले छिटाे,छरिताे सेवा पाउन सक्ने अबस्था आउँछ ।
      तिनै तहका सरकारकाे प्राथमिकता शिक्षा,स्वास्थ्य,बाटाेघाटाे र कृषिमा हुनुपर्छ । पुराना र असान्दर्भिक ऐन कानूनहरु संशाेधन तथा परिमार्जन गर्दै जानुपर्छ । यी कुराहरु व्यबस्थित हुँदै गयाे भने फुटपाथ र सुकुम्बासी समस्या बिस्तारै समाधान हुँदै जान्छ । बसेकै ठाउंमा शिक्षा,स्वस्थ्य सर्बसुलभ भयाे, बाटाेघाटाेकाे अबस्था राम्राे भयाे भने देश छाड्ने, जन्मभूमी छाड्ने, बाढीकाे जाेखिममा दुर्गन्ध आउने खाेलाकाे किनारमा बस्ने कसैकाे पनि रहर हुदैन । 

 भन्सारमा १०० रुपैया भन्दा माथिकाे सामानमा कडाई गर्नु भन्दा अगाडी व्यापार संघ, उ.बा.संघ लगायत सरकाेकारवाला बैठक बसी भाउ घटाईदिने, नेपाल र भारतकाे कुनै पनि सामानमा ५/१० रुपैयाकाे मात्र फरक भयाे भने काेही पनि बाेर्डरमा जान मरिहत्ते गर्दैनन् र तस्करी पनि हुंदैन । एउटै सामानमा ४०/५० रुपैयाकाे फरक परेकाेले सिमाबासीहरु पारी जान मरिहत्ते गरेका हुन सक्छन् ।"
"Mahabir Pun is at National Innovation Center.",,"खै अहिलेको ले पनि खालो तास्ला जस्तो लाग्दान मलाइ 😪"
"Mahabir Pun is at National Innovation Center.",,"तनाब छ सत्य तेहि हो ।😥😥"
"Mahabir Pun is at National Innovation Center.",,"केही हुँदैन किताब बेचेर चलाउने"
"Mahabir Pun is at National Innovation Center.",,"गर्छ हजुर बालेन गर्छ अलिक समय लाग्ला सर"
"Mahabir Pun is at National Innovation Center.",,"Good  Mahabir  Pun  Sir"
"Mahabir Pun is at National Innovation Center.",,"हर्केलाइ सम्झाइ दिनु पर्यो"
"Mahabir Pun is at National Innovation Center.",,"नेपालको जुनसुकै क्षेत्रमा, जुनसुकै ठाउँमा उद्योग, कलकारखाना खोलेर रोजगारीको सृजाना गरे पनि मजदुरको उचित तलब भत्ताको व्यवस्था चाहि हुनु पर्छ है हजुर! महङ्गी अनुसार तलब थोरै भयो।"
"Mahabir Pun is at National Innovation Center.",,"आउदैछ काका चिन्ता नगर के"
"Mahabir Pun is at National Innovation Center.",,"2 Jana atyanta asahaya sukumbasi Nepali janata marda/marda chhun samma nabolne yo Mahabir date expire Tira unmukh chha."
"Mahabir Pun is at National Innovation Center.",,"बाजे धुर्मुस सुन्तुले कृकेट स्टेडियम बनाउने नाममा चन्दा उठाएर औरिकामा घर किनेछ नु😆"
"Mahabir Pun is at National Innovation Center.",,"हेरेर बस्नु भएन होउ माननीय ज्यू ? बिगतलाई बिर्सेर नयाँ सुरुवातको थालनी तपाई बाट हुनुपर्छ..?  जस्तो मलाई लाग्छ यो मेरो बिचार हो ।"
"Mahabir Pun is at National Innovation Center.",,"Balen ले नगरे यो दुनियामा अरु कसैले गर्नै सक्दैन।"
"Mahabir Pun is at National Innovation Center.",,"माननिय ज्यु स्टाटस सगसगै सिधै प्रम ज्युसग भेटेर पनि कुरा राख्नु पर्याे हजुर ले 🙏🙏🇳🇵🇳🇵"
"Mahabir Pun is at National Innovation Center.",,"Harka Sampang ज्यु लाई तुरुन्तै प्रधानमन्त्री 
नियुक्ति गर्नु पाए अलिक छिटो गर्नु हुन्थ्यो कि"
"Mahabir Pun is at National Innovation Center.",,"Agreed.. research, innovation, technology ma investment desh le nagarda ajako halat testo bhayeko ho.. Hope yo govt le garos bhaneko.. para lyayerana bhane feri dukhai paincha.. Garibi hataunu cha nava feri sukumbasi nahola bhanna sakinna"
"Mahabir Pun is at National Innovation Center.",,"नेताहरु लगाएतले अरबौ सहकारी लुट्नु एउटा घाटा अनि बिदेशी ऋणलिएर सरकारले तिरिदिनु पर्ने दोस्रो घाटा एस्तो सुबिधात नेपाल भन्दा कहिछ होलात🙏"
"Mahabir Pun is at National Innovation Center.",,"म पनि त 😐️🤔"
"Mahabir Pun is at National Innovation Center.",,"अहिलेको सरकारले गरिबी हटाउला भन्दा गरिब जनतालाईनै हटाउदै छ।घन्टेहरूले भनेको यो नया विधी हो रे गरिबलाई हटायो भने गरिबि आफै हट्छरे।"
"Mahabir Pun is at National Innovation Center.",,"तपाईं का कुरा ठिक छन
काम पनि ठिक छ।
तर अहिले अनाहक को रास्वपा पक्ष भएर तपाईंको इज्जत माटोमा मिसिने भो
यो बालेन वा रबि ले तपाईंले वा आम नेपालीले चाहेको १ प्रतिसत पनि काम गर्दैन
त्यसैले यसको आसा नगरी आफ्नै स्वाद ले काम गर्न थाल्नुहोस!"
"Mahabir Pun is at National Innovation Center.",,"यो सरकारले पुनको माग पुरा गर्नु पर्छ"
"Mahabir Pun is at National Innovation Center.",,"aba ki bar Mahabir Pun ko sarkar huna parxa . naya bata aash thiyo tara khai k ho k ho."
"Mahabir Pun is at National Innovation Center.",,"जायज कुरा ।"
"Mahabir Pun is at National Innovation Center.",,"हामी पनि !"
"Mahabir Pun is at National Innovation Center.",,"कुरो जायज 🙏"
"Mahabir Pun is at National Innovation Center.",,"फास्ट ट्रयाकले समेत सम्बोधन भएन भने यो भन्दा धेरै आशावादी नबनेको राम्रो । अर्बौंको ऋण, हजारौंको संख्यामा सुकुम्बासी समस्या, दीगो आय कमजोर, उही असमानताको विजरोपण गर्ने स-साना उपभोग्य सामानमा कर तर पक्राऊ परेका धनाड्यहरु एकपछी अर्को छुटकारा, नवप्रवर्तनको वकालत अझैसम्म रोडमै सीमित.... यस्तै यस्तै"
"Mahabir Pun is at National Innovation Center.",,"Research centre,innovation,vaccine production lab chhiaahiyo sir"
"Mahabir Pun is at National Innovation Center.",,"माननसयजियू भूमि सुधार अाउनु परथियाे नि किन र कसलाई बचाउन यसताे गरियाे"
"Mahabir Pun is at National Innovation Center.",,"मैले पनि नजिकबाट जलेवाकाे जस्तो घाँटी निकालेर हेर्दै छु अब के हन्छ अब के हाेला त"
"Mahabir Pun is at National Innovation Center.",,"Harka Sampang A Revolution lai samjai dinu paryo kaka Dhunge dazu laii 🫢🥱"
"Mahabir Pun is at National Innovation Center.",,"राम्रो कुरा जायज कुरा उठाउनु भयो भने घण्टेहरु तपाइलाइ जातिवादि र पास्टर भनेर खेदो खन्न थाल्छन।तपाइहरुलेत जसो तसो बिताउनु हुन्छ होला हामि अलि युवा अवस्थाकोहरुले अहिलेको प्रधानमन्त्रीबाटनि खासै आसा देखिएन अब भबिस्य खोज्न बिदेशै हिड्नु पर्ला।"
"Mahabir Pun is at National Innovation Center.",,"महाबिर काका always angri😡mode😄"
"Mahabir Pun is at National Innovation Center.",,"Balen ले हेर्नुहोला नि त ।"
"Mahabir Pun is at National Innovation Center.",,"आस गरौँ अहिलेको प्रधानमन्त्री बाट पहिलेका प्रधानमन्त्री जस्तो गल्ती हुने छैनन् !!"
"Mahabir Pun is at National Innovation Center.",,"नेपालम कडा कानुनको कमि छ ।  नेपाल यी कानुन निर्माण अनिवार्य छ।
१)बलात्कारी र ज्यान मारालाइ मृत्यु दन्डको  कानुन , 
२)छुवाछूत तथा जातीय बिभेदकारीलाइ र भ्रष्टाचारीलाई कम्तीमा आजिबन काराबास र बढीमा मृत्यु दण्डको कानुन ,
३) कुटपिट र चोटपटको अपराधमा ब्ल्डमनी को कानुन ।"
"Mahabir Pun is at National Innovation Center.",,"सबै भन्दा खतम त हर्के निस्कियो नयाँ भनेको पुरानो भन्दा खतम चरीत्र दिखिदै छ।येसो सम्झाउनु पर्यो"
"Mahabir Pun is at National Innovation Center.",,"Great job doing"
"Mahabir Pun is at National Innovation Center.",,"इ. Balen सरकार ले डा. Mahabir Pun का मागहरु के के छन्  मिल्ने जति पूरा गरे हुने ।"
"Mahabir Pun is at National Innovation Center.",,"हामी लाटा दिनभरी काम गर्ने,अरु लाटा मज्जाले हसुर्ने हो हौ माननीय ज्यु"
"Mahabir Pun is at National Innovation Center.",,"एस्सो गर्नुस तपाईं प्रधानमन्त्री निवास नजिकै डेरा लिइ बसिहाल्नुस। हेर्नलाइ सहज हुन्छनि😎"
"Mahabir Pun is at National Innovation Center.",,"हामी जन्ताले निहाल्नु  तपाइले निहाल्ने होइन वारकि पार गर्ने हो माननीय ज्यु"
"Mahabir Pun is at National Innovation Center.",,"अहिलेको प्रधानमन्त्रीले गाँजा तानेर सबैलाई Fuck  भन्छन्"
"Mahabir Pun is at National Innovation Center.",,"अहिलेको प्रधानमन्त्रीलाई केही नभन्नु गएर सिधै आर्मीको चिफलाई भन्नु तपाईंको काम तुरुन्तै हुन्छ।"
"Mahabir Pun is at National Innovation Center.",,"दिल कि बात"
"Mahabir Pun is at National Innovation Center.",,"आशा गरौ गरिहाल्लान।। उचित समयको पर्खाइमा छन् कि वा????"
"Mahabir Pun is at National Innovation Center.",,"मा डा पुन ज्यू,कमि कमजोरी अौल्याएर सहयोग गरिरहनु पर्छ"
"Mahabir Pun is at National Innovation Center.",,"देख्नु भएको नै होला कति जनालाई सरकारी पहुँचले हुकुमबासी बनाएको रहेछ पहिले नै सुकुम्बासी लाई सरकारले पहिचान गरी जग्गा दिएको भए अहिले देशभर यो समस्या आउने थिएन होला तर पैसा र पावर सधै हुन्छ भन्ने सोचले देश बर्बाद बनाएर छोडेका छन् सुधार्न त टाईम लाग्ला नि तर एउटा विडम्बना केपि सेरे प्रचन्डे सबै चुप छन एउटा भाईरस चाहिँ जन्मायो नयाँ देशले"
"Mahabir Pun is at National Innovation Center.",,"काठमाडौका दरबारिया,धनी /महाजन अनि पहाडका सभापति, डिट्ठा जिम्मावाल, बाबुसाहेव र बाठा टाठा कर्मचारीले हिमाल,पहाड र  तराईका भूमीपुत्रका जमीन थातथलो खोसेर आफ्नो नाउँमा दर्ता गरेपछि त्यो नम्बरी जग्गा हुने अनि त्यही असहाय जसले टाउको लुकाउन स्थानीय चौर जङ्गल र मिल्किएका ठाउँमा छाप्रो बनाउदा ऐलानी /सरकारी जग्गा अतिक्रमण हुने ? यो देश अपराधी / मुठ्ठीभरका सामन्तहरुको मात्रै कि हामी सबै गरीबहरुको पनि हो ? यो सरकार जनताको कि अपराधीहरुको ?"
"Mahabir Pun is at National Innovation Center.",,"नयाँ र युवा प्रधानमन्त्री भए पछी महाबिर सरले नभने पनि गर्नुपर्छ।भनेर सल्लाह सुझावदिएर पनि गरेनन भने भन्नुकेहीछैन।"
"Mahabir Pun is at National Innovation Center.",,"यो बिसयमा सरकारको ध्यान जावोस होइन भने देस गरिब नै रहने छ।"
"Mahabir Pun is at National Innovation Center.",,"हर्क साम्पाङले बिदेशी हस्तक्षेप भैराछ देशमा भन्दा मजाक उडाउछन अब अलिकति सोच्छन होला सोच हुनेले।"
"Mahabir Pun is at National Innovation Center.",,"अब गर्छु भन्ने, प्रधानमन्त्री आएको छन, संगै रथ दौडाउ भन्नुपर्यो, माननीय ज्यु!!!"
"Mahabir Pun is at National Innovation Center.",,"प्रधानमन्त्री ले के गर्छन् भनेर नजिक बाट नियालेर मात्रै हुदैन माननीय ज्यु 
समस्या मात्रै देखाएर हुदैन समाधानका उपाय सहित सरकार लागि सुझाव दिनु होस्"
"Mahabir Pun is at National Innovation Center.",,"Shai kura"
"Mahabir Pun is at National Innovation Center.",,"सॅासद तपाई अव अरु लाई दोष देखाएर भाग्न पाईदैन है काका!"
"Mahabir Pun is at National Innovation Center.",,"कुनै दिन,,,सर मेरो छोरा त,,,,,,,,,,, भनेको तेरो छोरालाई अरबतिर पठाइ नेपाल मा काम छैन भनेको हिजोआज जस्तै लाग्छ महाबिर सरले जानेरै भन्नुभएको रहेछ मलाई के थाहा र आजकल बल्ल बुझ्दै छु समयको प्रभावमा इतिहास को रचना हुन्छ भन्ने यस्तै हो कि"
"Mahabir Pun is at National Innovation Center.",,"Ramro Kura. Sir"
"Mahabir Pun is at National Innovation Center.",,"Definitely 100% right ."
"Mahabir Pun is at National Innovation Center.",,"# हाम्रो देशमा सरकारले विज्ञान प्रविधि, अनुसन्धान तथा नवप्रवर्तनको लागि बजेट छुट्याउनुपर्छ। 🇳🇵"
"Mahabir Pun is at National Innovation Center.",,"बेला बेलामा झकझकाउदै खबरदारी गर्नु है माननीय ज्यु !"
"Mahabir Pun is at National Innovation Center.",,"Tapiko bhanai jahej x sarkar sune prayas garos"
"Mahabir Pun is at National Innovation Center.",,"Ramro garxu vaner aayeka hun ...sath chai dinu paryo sabaile 🙏🙏"
"Mahabir Pun is at National Innovation Center.",,"Direct talk garnu paryo hajur pradhan mantri sag asko barema"
"Mahabir Pun is at National Innovation Center.",,"तपॅाई महान व्यक्ती हुनु हुन्छ राम्राको कुरा यहॅा कसैले सुन्दैन हजुर के गरौ ।"
"Mahabir Pun is at National Innovation Center.",,"Dabab dinu paryo mananiya jyu😍"
"Mahabir Pun is at National Innovation Center.",,"सबैले आषा गरौ ❤️❤️"
"Mahabir Pun is at National Innovation Center.",,"यस्ता कुरा जनताले फेस्बुका गर्ने हुन क्या । माननीय ले संसद भवन मा कुरा राख्ने हो । प्रधानमन्त्री सङ समय मिलाएर छलफल गर्ने हो । ह्या छोड्नुस आज किताब कता हो ?"
"Mahabir Pun is at National Innovation Center.",,"Fursat x hajur Lai, yeti sab herna lai"
"Mahabir Pun is at National Innovation Center.",,"आशा गरौं, केही होला कि! 🙏"
"Mahabir Pun is at National Innovation Center.",,"दिपक अधिकारि वहाँ त हवा हुनुहुन्छ, हजुर चाहिँ के? वहाँ को जति योगदान छ, हजुर को नेपाल र नेपालीको लागि।।"
"Mahabir Pun is at National Innovation Center.",,"जब सम्म विज्ञान तथा प्रविधिको आविष्कार हुदैन तब सम्म नेपाल ग़रीब हूने हो ।"
"Mahabir Pun is at National Innovation Center.",,"जनताहरु भेडा भएपछि कस्को के लाग्छ र"
"Mahabir Pun is at National Innovation Center.",,"बहिरा र अन्धाहरुले सुन्ने र देख्ने आशा गर्नु पनि उस्तै हो"
"Mahabir Pun is at National Innovation Center.",,"Garchan buda garchan
Garna nadiney lai bajey le facebook bata gali garna chodnu bhayena.
Mukhai chadey ni huncha"
"Mahabir Pun is at National Innovation Center.",,"जनता लाई रोजगार हैन उध्यमी बनाउन तिर चै जोड दिए । देशमा पुजिबाद र गरिबिको  को अन्त्य हुन्थ्यो कि ?"
"Mahabir Pun is at National Innovation Center.",,"हामी पनि नियाल्दै छौँ।तर गर्छन् होला"
"Mahabir Pun is at National Innovation Center.",,"अहिले काे प्रधानमन्त्री मेयर हुदादेखि  सुकुम्बासी  हटाउने काम गरिरहेको छ  नेपाल मा राेजगार  दिने शिक्षा बिज्ञान  प्रविधि काे कुरा गर्ने चुनाव काे बेला मात्र हाे"
"Mahabir Pun is at National Innovation Center.",,"आसा गरौँ, र छ पनि"
"Mahabir Pun is at National Innovation Center.",,"१००% सहमत"
"Mahabir Pun is at National Innovation Center.",,"गाँजा दिनमा कति सुल्पा ताँन्दो रैछ 
जिज्ञासा"
"Mahabir Pun is at National Innovation Center.",,"यो देशमा केही नगर्नुस् मन्त्री बन्नुस् ढुक्कले बस्नुस्। केही गर्यो कि टाउको दुखिहाल्छ देशलाई स्विजरल्याण्ड देख्नेहरूले सपनीमा मात्र देख्नुस्। अनि देश बन्छ, भएको चाहिँ के हो के नेपालीहरूलाई आखिर चाहिएको चाहिँ के हो"
"Mahabir Pun is at National Innovation Center.",,"Balen Focus On this"
"Mahabir Pun is at National Innovation Center.",,"अहिके को सरकार पनि सिकुम्बासी लखेट्ने मात्रै हो रोजगारी त खै पत्त्यायन मैले?"
"Mahabir Pun is at National Innovation Center.",,"म त कौसीमा बसेर नियालीरहेको छु।"
"Mahabir Pun is at National Innovation Center.",,"अब बिज्ञान प्रबिधि,अनुसन्धान तथा नबप्रबर्तन बिकास गर्न पनि पैसा नै चायो अर्बौं ॠण लियो त्यो सरकारी महासयहरु लाई सेवा सुबिधा र तलब भत्ता मै चैट 
अनि तपाईंले किताब बेचेर चाल्ने कति दिन।"
"Mahabir Pun is at National Innovation Center.",,"गर्छन सर सपोर्ट गरि हाल्छन्।। ढुक्क हुनुस।"
"Mahabir Pun is at National Innovation Center.",,"Ho nii"
"Mahabir Pun is at National Innovation Center.",,"Shanti bhumi Nepal"
"Mahabir Pun is at National Innovation Center.",,"Dr sab sabi thok hunx Tara Ali time lagx"
"Mahabir Pun is at National Innovation Center.",,"अनि हर्के जस्तो बिपक्षी नेता ले गर्दा नि नेपाल मा बिकास रोजगारी हुन नसक्नु 
बालेन ले गु खानु हुदैन भनेर भनो भने हर्के ले भन्छ गु खानु पर्छ।
पुरै उल्टो छ हर्के"
"Mahabir Pun is at National Innovation Center.",,"समय छ यति सम्म रिसाउनु हुदैन के गर्ने खबरदारी गरि रहनु Mahabir Pun ज्यु  समय लाग्ला यो भन्दा अर्को जरुरी छ कि पहिला भस्टाचार रोक लगाउन अनि सिर्जना पनि गर्ने छन"
"Mahabir Pun is at National Innovation Center.",,"ठुलो भ्रम छ।"
"Mahabir Pun is at National Innovation Center.",,"ढुक्क हुनुहोस्!बालेन र रबिले अवश्य मांग पुरा गर्छन।"
"Mahabir Pun is at National Innovation Center.",,"बनाउनु भन्दा अघि बत्काउनुपर्छ सर,,,, त्यसैले भत्किन्दैछ,, अब बन्छ,,
 पहिला बस्ती त्यस्पछी प्रबिधी,,"
"Mahabir Pun is at National Innovation Center.",,"हामी सबै जनता ले नियाँलेर हेर्दै छौ माननीय ज्यू"
"Mahabir Pun is at National Innovation Center.",,"नेपाली जनता सबै राजनितीमा लाग्नु पनि हो 
आफ्नो पेट परिवार ईमानदार मेहनत गरेर पाल्छु भन्ने सोंच नबनाउनु पनि हो"
"Mahabir Pun is at National Innovation Center.",,"सहि हो"
"Mahabir Pun is at National Innovation Center.",,"My favourite person 💓💓 i love u darling"
"Mahabir Pun is at National Innovation Center.",,"आर्थिक क्रान्ति र औद्योगिक क्रान्ति science @technology को आधारमा हुन पर्छ , उच्च बुद्धि बिबेक र इमानदारीता प्रर्दशन गरेर अन्तर्राष्ट्रिय sector  आर्थिक क्रान्तिको नेतृत्व गर्नु पर्छ"
"Mahabir Pun is at National Innovation Center.",,"अहिलेकाे प्रधानमन्त्री बालेन पनि मुर्ख र बकवास नै निस्कियाे।शक्ति हातमा परेर पुरै माते जस्ताे देखियाे!"
"Mahabir Pun is at National Innovation Center.",,"सहि हो मान्ने ज्यू 🙏🙏 वेला बेला सतर्क गराई रहनू होस 
फेरि हामी ले भूल्ला है मान्ने ज्यू 💐💐🙏🙏"
"Mahabir Pun is at National Innovation Center.",,"Budaa le j vaye ni dhilo kura bujdai xa🤣🤣"
"Mahabir Pun is at National Innovation Center.",,"Thuk hanu aba balen sarkar le desh ko kaya palat garcha desh bikash garcha raja le purano party lay deko thiyo hira tara tesle khandhar banaye ra ahile ko sarkar lay janta haru le kp oli ko hatha bata चिनेर balen lay deko cha khandar aba balen le kohinur banau cha"
"Mahabir Pun is at National Innovation Center.",,"Sahi ho hi"
"Mahabir Pun is at National Innovation Center.",,"Hami pani …🙏🏻🙏🏻"
"Mahabir Pun is at National Innovation Center.",,"BALEN SARKAR doing Best"
"Mahabir Pun is at National Innovation Center.",,"हामी पनि नियाल्दै छम"
"Mahabir Pun is at National Innovation Center.",,"यो झन पागल प्रधानमन्त्री हो जस्तो लाग्छ मलाई त दाइ"
"Mahabir Pun is at National Innovation Center.",,"Aasa chha garnu hunchha hola balen sarkarle 🙏🇳🇵🇳🇵"
"Mahabir Pun is at National Innovation Center.",,"पहिले का प्रधानमन्त्री  बतासे अन्डा  परेर रहेछ अब का मन्त्री  देश को चिन्ता अनि भिजन भयको रहेछ्न।"
"Mahabir Pun is at National Innovation Center.",,"अहिलेकाले पनि गर्लान् जस्तो छनक  छैन ! चुपचाप , सुईटाप गर्लान् जस्तो छ !"
"Mahabir Pun is at National Innovation Center.",,"Kahi garne wala xaina sir ji"
"Mahabir Pun is at National Innovation Center.",,"Namaste 🙏"
"Mahabir Pun is at National Innovation Center.",,"उसको काम नै गरिबी मारा मात्रै हो! अब तपाईं नियाल्दै बस्नु बुढो! बरु तपाईं नै प्रधानमन्त्री भएको हेर्ने ठुलो दोको छु🙏🏻!"
"Mahabir Pun is at National Innovation Center.",,"बुढा किताब बेचेर बस्नु त्यो जिम्मा अहिलेको सरकारलाई दिय हुन्छ वाइयात के टाउको दुखाइरहेको"
"Mahabir Pun is at National Innovation Center.",,"हेर हेर बड्डौ राम्मो सँग हेर"
"Mahabir Pun is at National Innovation Center.",,"याे सरकारले पनि गरेन भने तपाईं कै नेतृत्वमा अर्को क्रान्तिकाे उद् घाेष तपाईंले गर्ने हिम्मत गर्नुपर्छ, जनता साथमा हुनेछ ।"
"Mahabir Pun is at National Innovation Center.",,"डाःमहाबिर सर को माग पूरा गर्नैपर्छ यो सरकारले ।"
"Mahabir Pun is at National Innovation Center.",,"Yo budo Le bokeko Kura chai man parxa Tara yo Harka Sampang Le boleko fitikai man pardaina"
"Mahabir Pun is at National Innovation Center.",,"गारो छ  नेपाल मा  राम्रो गर्ने लाई"
"Mahabir Pun is at National Innovation Center.",,"बाजेको हजुरलाई डर छैन। किताब बेछे पुग्छ।"
"Mahabir Pun is at National Innovation Center.",,"अहिले तेस्तो नभन्नु Mahabir Pun sir रास्वपाका का अन्द भक्त हरु अन्द धुन्द नबुझि गालि गर्छन"
"Mahabir Pun is at National Innovation Center.",,"हामी पनि यहाँ बाट  हेर्दैछौ ….lets see"
"Mahabir Pun is at National Innovation Center.",,"Balen is definitely going to listen to you. You have to see him with your proposal ASAP."
"Mahabir Pun is at National Innovation Center.",,"सहि कुरो 🙏🏼"
"Mahabir Pun is at National Innovation Center.",,"हजुरको नाम जस्तै महान सोच लाई सलाम्🙏🙏🙏🙏🙏"
"Mahabir Pun is at National Innovation Center.",,"प्रधानमन्त्रीलाई हेरेर के गर्ने राष्ट्रपतिले संशोधन अध्यादेश पासै गर्दैनन्"
"Mahabir Pun is at National Innovation Center.",,"Sahi kura"
"Mahabir Pun is at National Innovation Center.",,"हामी  पनि हेर्दै छौं पहिले  का ३ टाउके र अहिले का १ टाउके मा  के फरक छ भनेर ३ टाउके मा केही फरक थिएन  १ टाउके मा अवश्य फरक छ भन्ने आशा गरौं"
"Mahabir Pun is at National Innovation Center.",,"धेरै पत्रकार, नेता, अभियन्ता, व्यापारी र आम जनताले वर्षौंदेखि एउटै कुरा भन्दै आएका छन्“विद्यार्थी र कर्मचारीतन्त्रलाई पार्टीकरणले बिगार्‍यो।” वर्षौंदेखि धेरै संगठन विद्यार्थी र कर्मचारीको हितभन्दा बढी दलका “स्लिपर सेल” बने।योग्यता भन्दा पहुँच, क्षमता भन्दा झोला र झण्डाको मूल्य बढाइयो।यसले प्रणालीप्रति नै जनताको विश्वास कमजोर बनायो।
राष्ट्रिय स्वतन्त्र पार्टीले शिक्षालय र कर्मचारीतन्त्रबाट दलगत राजनीति हटाउने कुरा संगठन बनाउन नसकेर गरेको होइन। चाहने हो भने आजकै दिनमा ठूला विद्यार्थी र कर्मचारी संगठन बनाउन सक्छ।तर अर्को दलगत संगठन थप्दैमा न शिक्षाको गुणस्तर बढ्छ, न कर्मचारीको सम्मान जोगिन्छ भन्ने कुरा विगतले देखाइसकेको छ। त्यसैले अब स्पष्ट निर्णय आवश्यक थियो ,शिक्षालयमा दलको झण्डा निषेध।कर्मचारीतन्त्रमा दलको झोला निषेध।यसले अधिकार खोस्दैन, बरु पेशागत स्वतन्त्रता बलियो बनाउँछ।अब नियुक्ति, सरुवा र बढुवाको आधार दलगत निकटता होइन, विधि, क्षमता र दक्षता बन्नुपर्छ।

हाम्रो प्रयास यति मात्र हो, विद्यार्थीले राजनीति सिक्दा गुरुबाट सिकून्, नेताको भीडबाट होइन।कर्मचारीले विधि खोजून्, नेताको छहारी होइन।हामी चाहन्छौं विद्यार्थीले राजनीति सिकून् तर सभ्यता, विचार र जिम्मेवारीको राजनीति; कर्मचारीले जनताको सेवा सिकून् , कुनै दलको होइन।यो कुनै पार्टीविरुद्धको लडाइँ होइन।यो प्रणाली बचाउने प्रयास हो।यो भविष्य बचाउने प्रयास हो।यो देशलाई दलगत कब्जाबाट निकालेर संस्थागत मार्गमा ल्याउने प्रयास हो।शिक्षालय र कर्मचारीतन्त्रलाई दलगत संक्रमणबाट मुक्त गर्ने यो प्रयास हो।त्यसैले तपाइहरुकै चाहना अनुरुप अध्यादेशमार्फत यी विकृतिहरू हटाएका छौ ।
हामीलाई सबैको साथ र विश्वासको अपेक्षा छ, तपाइको साथ चाहिएको छ, विश्वास चाहिएको छ, किनकि परिवर्तन भाषणले होइन, निर्णयले आउँछ। हामी तपाइहरुकै जनचाहना बमोजीम काम गर्न सरकार मा आएका हौ। तपाइहरु ढुक्क हुनुस, हामि जे गर्छौ आम नेपाली जनताकै हितमा गर्छौ  ।"
"Mahabir Pun is at National Innovation Center.",,"हर्के लाई रिप्लाई नदिनी दाजु।।"
"Mahabir Pun is at National Innovation Center.",,"यसको लागि अलि जोड लगाउने गर्नु पर्छ हामी साथमा छौँ"
"Mahabir Pun is at National Innovation Center.",,"Yo Kam garna jaruri xa balen ko dhyan jawos#balenshahnews"
"Mahabir Pun is at National Innovation Center.",,"कहिले सम्म हेरेर बस्नेहो माननीय ज्यू..? यो शक्तिशाली सरकारले दिनुपर्ने पहिलो प्राथमिकता सुकुम्बासी लखेट्नु की उद्योग कलकारखाना हरु खोलेर आफ्नो नागरिक लाई रोजगार दिलाउने हो। यो बारेमा सरकार लाई झम्झक्याई रहनु पर्छनी ।।"
"Mahabir Pun is at National Innovation Center.",,"सरकार संग बारम्बार भेटेरै नै दोहोर्याई रहनुस् झकझक्याई रहनुस् माननीय ज्यु जनताले तपाईलाई त्यसैको लागि त्यो स्थानमा पुर्याएका हुन् फेसबुकमा लेखेर मात्रै त मरे सुन्दैनन्।"
"Mahabir Pun is at National Innovation Center.",,"Ekdam sahi"
"Mahabir Pun is at National Innovation Center.",,"राम्रो काम"
"Mahabir Pun is at National Innovation Center.",,"#ल_है कांग्रेस कम्युनिष्ट हरु हो,मलाई नकुटियोस् है ⚠️ 
#धनी पनि तिम्रै लंका #सुन्दर पनि तिम्रै लंका
#खरानी बनाउने पुच्छर पनि तिम्रै लामो  

 यो ब्यक्ति त कांग्रेस कम्युनिष्ट दोश्ती/मतियार मित्र को प्रतिनिधि पात्र मात्र हो । 
हाम्रा गाउँ नगर पालीका लुट्ने बिचौलिया दलाल कर्मचारी व्यापारी ठेकेरहरु दैनिक हजारौं को संख्या मा लुटि रहेर चलेको हुन्छ । अब कल्पना गर्नुहोस्,बिगत ३५ बर्ष भरी-सम्म करोड-अर्ब लुट्ने जिउँदा मरेका हरूको संख्या लाख भन्दा माथि छ । 
अब सामान्य भुईं मान्छे को जस्तो हिसाब गरौं :
क) सेवाग्राही बाट घुस कमिसन नज़राना के के लिने गरिन्छ ‼️
ख) सरकारी तलब भत्ता विदेश भ्रमण नोकर चाकर मोटर कुमरखोद कालीकोट को प्रदेश प्रतिनिधि लाई भैंसेपाटी को सुब्यवस्थित भवन सुविधा सहित घर अफिसका सारा मसलन्द भरे पछी ल्याईते ब्याईते सम्मलाई दशैंखर्च पेन्सन ⁉️
ग) सेमिनार गोष्ठी देश-विदेशका Business class सुवारी एवं Five ⭐ star होटल सुविधा ।
घ) ठेक्का पट्टा टेन्डर खुलाउँदाका प्रकृया सँगै  कमिसन र अनावश्यक अब्यवहारिक अपुरो अधुरो बर्ष दिन नबित्दै क्षति भएर जाने कमसल निर्माण साथै भोग चलन एवं अनुत्पादक प्रतिफल शुन्य पर्यावरण विरोधी निर्माण-कार्य ⁉️
केही उदाहरण:
#जापान यूरोप अमेरिका चढिने मोटर खरीद #सांसद आवास निर्माण #दमक टावर देखी #डडेलधुराज टावर #मेलम्चि खाने पानी #पोखरा_भैरहवा एयरपोर्ट #सिक्टा_बबई देकी दर्जनौं सिचाई आयोजना हरु ⁉️
मानिलिनु होस् माली भनिएका #एक_लाख कांग्रेस कम्युनिष्ट हरुका सैतान हरु बाट साला-खाला #दश_करोड को दरले राज्य बाट 
दोहन भएको रहेछ भने = १०००००×१००००००००= १००००००००००००० #दश_खर्ब/10 Trillion हुने रहेछ ‼️"
"Mahabir Pun is at National Innovation Center.",,"Khai ahiel samma sukum basiko basti binas garnu bahek ke hi dekhiyeko xaina herdaijam k k garda raixa 🔔🔔🔔"
"Mahabir Pun is at National Innovation Center.",,"आस गरुम, तपाईंले भनेजस्तो हुने छ।"
"Mahabir Pun is at National Innovation Center.",,"तपाईं रोष्टम मा बोल्न जाँदा सबै संसद तपाईंलाई हेर्दै गलाला हाँस्छन्  अनि कसरी सुनोस् त ,😂😂😂"
"Mahabir Pun is at National Innovation Center.",,"आस मार्देउ बुढा गर्ने वाला छैनन्"
"Mahabir Pun is at National Innovation Center.",,"काम दिदैन"
"Mahabir Pun is at National Innovation Center.",,"पर्न त तपाइ पनि लुसिफर ग्याङ्गमै पर्छ एउटै हो तर लुसिफरले तपाई जस्तो सोझो मगरलाइ कैडिमा बेच्छ।"
"Mahabir Pun is at National Innovation Center.",,"यथार्थ"
"Mahabir Pun is at National Innovation Center.",,"1oo % right"
"Mahabir Pun is at National Innovation Center.",,"K garxan sulfa tanxan"
"Mahabir Pun is at National Innovation Center.",,"तिमी पनि हेर्ने मात्रै हो दिदैन्न भत्काउनेले गर्छ"
"Mahabir Pun is at National Innovation Center.",,"विज्ञान तथा नव प्रबन्ध केन्द्र तिर पनि ध्यानाकर्षण गरियोस् बालेन सरकार"
"Mahabir Pun is at National Innovation Center.",,"सबै ठिक छ तर नबोलेको चै किन त्यो प्रधानमन्त्री गाजा को तल मा ज्याप मै बस्छ कि क्या हो , प्रधानमन्त्री भैसके पछि केही त बोल्नु पर्छ नि गजेडी नै रैछ कि क्या हो"
"Mahabir Pun is at National Innovation Center.",,"बाजे अब यस्तो एन्त्र बनाउनुस कि सिधै नेताहरुको दिमाग मा टच  गर्न बित्तिकै होस मा आओसन"
"Mahabir Pun is at National Innovation Center.",,"अब अहीलेका प्रधानमन्त्री ले पनि गरेनन भने एकपटक हजुर नै प्रधानमन्त्री बन्नुपर्ने भयो।"
"Mahabir Pun is at National Innovation Center.",,"Sir❤️❤️❤️❤️❤️❤️❤️💪☝️🔎🚔️🚔️🚔️🚔️🔈️"
"Mahabir Pun is at National Innovation Center.",,"baje yo choti pani budget halenan vane ni daro vetxan"
"Mahabir Pun is at National Innovation Center.",,"केहि गर्दैन तपाईं किताब बेच्न नछोड्नु"
"Mahabir Pun is at National Innovation Center.",,"सहमति काका ❤️"
"Mahabir Pun is at National Innovation Center.",,"Garxan kaka"
"Mahabir Pun is at National Innovation Center.",,"तपाईंको त काम नै छैन दाजु, तपाईं जता ल्याम पायो उतै जाने पहिला देखिको बानी छ रैछ"
"Mahabir Pun is at National Innovation Center.",,"हेर्नु त पुन जी अहिले के गर्दैछन् प्रधानमन्त्री बालेन जी🙏🏿"
"Mahabir Pun is at National Innovation Center.",,"तपाईं इनोभेसनमा लाग्नुस, कसले के गर्छ भनेर हेरेर बस्ने होइन"
"Mahabir Pun is at National Innovation Center.",,"Aba ko budget ma yeslai ramro sabhodan garnu parxa"
"Mahabir Pun is at National Innovation Center.",,"Sojho sida vayer hunna raixa k mananiy jyu raspa ko jasto gufadi hunu pardo raix"
"Mahabir Pun is at National Innovation Center.",,"सबैको सकारात्मक सोच भयसि अबस्य गन्तव्यमा पुगिन्छ"
"Mahabir Pun is at National Innovation Center.",,"Bidesi chal khel hudo rahecha bhanne suikari"
"Mahabir Pun is at National Innovation Center.",,"डा. महावीर पुन ज्यु जस्तो देशको माटो र भविष्यप्रति समर्पित व्यक्तित्वलाई हार्दिक सम्मान। 
उहाँको विज्ञान, अनुसन्धान र नवप्रवर्तनप्रतिको योगदानले नेपाललाई नयाँ दिशा दिएको छ। आफ्नै स्वार्थभन्दा माथि उठेर देशका लागि निरन्तर लागिरहनु भएको उहाँ साँचिकै प्रेरणाका स्रोत हुनुहुन्छ।"
"Mahabir Pun is at National Innovation Center.",,"हामी पाि हेर्दैछौं सर!"
"Mahabir Pun is at National Innovation Center.",,"kohi garnu parna ho
8 oota ordinance ma tyo rakhda k janthyaou ra"
"Mahabir Pun is at National Innovation Center.",,"यसको काम जलाएर आको तोरतार गर्दै छ।"
"Mahabir Pun is at National Innovation Center.",,"Mahabir budo kha harka ko ludo"
"Mahabir Pun is at National Innovation Center.",,"यथार्थ यहीँ नै हो ।"
"Mahabir Pun is at National Innovation Center.",,"सामान्य सतही बुझाइले त्यति मात्र देख्न सकिन्छ"
"Mahabir Pun is at National Innovation Center.",,"Ekdam Sahi kura ho.....first ma new invention harulai priority diera economically deshlai uthau Ani aru kaam garam na......"
"Mahabir Pun is at National Innovation Center.",,"Hajurko kura sunosh"
"Mahabir Pun is at National Innovation Center.",,"राजनिति नगर भनेर शिक्षक संगठन खारेज गर्ने अनि बिध्यार्थीले राजनिति चाहीँ शिक्षकबाट सिक्नु रे । अब के गर्नु भोलि पर्सि शिक्षकले नै सदस्यता  बनाउदै  सिकायो भने अनि त्यो विद्यार्थीले के गर्ने ??🤔"
"Mahabir Pun is at National Innovation Center.",,"नियालेर हेर्दा हेर्दै जाने बेला भैगयो के हो बिचार धारणा कुटनिती जनता सामु लेराउन परो नि ल्वठ माननीय जिउ।"
"Mahabir Pun is at National Innovation Center.",,"पार लाउला जस्तो देखिदैन है अहिलेको घन्टाहल्लाउने सरकारले त"
"Mahabir Pun is at National Innovation Center.",,"Mahabir Pun lai bigyan tatha nabaparbanthan mantri xito niyukti gariyos"
"Mahabir Pun is at National Innovation Center.",,"यिनले जानेकाे यहि मात्रै रैछ जतिबेला पनि यहि भनेर चिच्याई राछन ।याे नभयपछि त अरु बिकल्प खाेज्नु नि।"
"Mahabir Pun is at National Innovation Center.",,"अनि रिसायर हेर्दै हुनुहुन्छ त माननीय ज्यु के हाे कुराे 🤔"
"Mahabir Pun is at National Innovation Center.",,"अनि तन्त्र सँधेर राज्य कसलेको चलाइ देला 🤣"
"Mahabir Pun is at National Innovation Center.",,"Mahabir Pun sir, tapai ko kura ni suncha yo sarkar le kehi samaya parkhanu kehi na kehi hola ni..?? suru ma yo desh ko sabai fohor safa garnu parne cha."
"Mahabir Pun is at National Innovation Center.",,"हामी पनि झापा ५ बाट हेर्दै छुम 😂🤣"
"Mahabir Pun is at National Innovation Center.",,"औपचारिक रूपमा राखिसक्नु  भएको  होला । अब  बजेट  निति तथा कार्यक्रम  मा हेरौ न ।"
"Mahabir Pun is at National Innovation Center.",,"तपाइलाई थाहा छ त सिकाउनु पर्छ। नि 🙄"
"Mahabir Pun is at National Innovation Center.",,"Anpadh tw anpadh padhe lekheka pani yui dyang ka mula hun ki k ho, herdai jum 😒"
"Mahabir Pun is at National Innovation Center.",,"Sidai vetera kura rakhnus  sir..
Budget vanaune bela xa.. Garihalnu parxa"
"Mahabir Pun is at National Innovation Center.",,"सत्य एवं यथार्थ विश्लेषण । आशा गरौं, अहिलेको बालेन्द्र शाह नेतृत्वको सरकारले डा. महावीर पुनले उठान गरेको अनुसंधान एवं नवप्रवर्धनबाट उद्यमशीलताको विकास, रोजगारी सृजना र समग्र देशको आर्थिक विकासको रणनीतिक मार्ग चित्र हो भन्ने विषयको महत्व, आवश्यकता र अपरिहार्यता स्वीकार गर्छ होला ।"
"Mahabir Pun is at National Innovation Center.",,"गरि छाद्नु है बुढो अहिले नभए कहिले हुन्न"
"Mahabir Pun is at National Innovation Center.",,"Hamro pun budale j boleni tali bajxa garva lagxa mug vaneni veda haru khusi real baulata atapo dekhxu"
"Mahabir Pun is at National Innovation Center.",,"Exactly 💯"
"Mahabir Pun is at National Innovation Center.",,"Suva-kamana xa naya sarkhar lai 💐 🌹 🙏"
"Mahabir Pun is at National Innovation Center.",,"हावा बुढा।अ्मेरिकाले बनाइदेको बैग्यानिक हो।तपाइ बैग्यानिक हो भन्ने पुस्टि गर्नुसत दाजु।म तपाइ लाइ अनि मात्रै मान्छु।भित्री कुरा बुजेर बोलेको हु"
"Mahabir Pun is at National Innovation Center.",,"नजिक बाट नियालेर हेर्दा अहिले को लडाई भनेको कु शाशन कर्मचारी तन्त्र भित्र देसको निम्ति काम नगर्ने भावना ! नेताहरु लाई भ्रस्टचार कहाँ बाट हुन्छ लुप होल देखाउने ! कर्मचारी हरुले बिचौलिया र ब्यापारी सग मिलेर सोझा जनतालाई कसरि हुन्छ ठग्ने उपाय बहुत खराब ! अहिले को लडाई बालेन सरकार vs  कर्मचारी तन्त्र ! सबै ठाउमा सिन्डिकेट लाइ ब्रेक नगरे सम्म गारो छ हजुर !"
"Mahabir Pun is at National Innovation Center.",,"I agree sir"
"Mahabir Pun is at National Innovation Center.",,"ञहिलेका केटा केटिहरू आरन चलाउने कष्ट गर्दैन्न सर"
"Mahabir Pun is at National Innovation Center.",,"Paila jhotre jhamre adi sabai lai falnu parx 
Bivinna badha aunu ko karan eniharu hun
Ani matra hunxa kie garna sakinxa"
"Mahabir Pun is at National Innovation Center.",,"🇳🇵🇳🇵🙏🙏तपाईंको एकएक शब्दमा जनताको आवाज झल्किन्छ माननीय ज्यु🇳🇵🇳🇵🙏🔔🔔"
"Mahabir Pun is at National Innovation Center.",,"नजिकबाट नियालेर मात्रै नभएर एउटै ओछ्यानमा सङ्गै सुतेर हेरे पनि हुनेवाला केही छैन । बरु अहिले किताब बेचेर चलाइरहेको पनि गैरकानुनी भनेर डोजर हान्न बेर लगाउदैन ।"
"Mahabir Pun is at National Innovation Center.",,"Hunxa ni sir yaspali xut xaina yo Sarkar lai"
"Mahabir Pun is at National Innovation Center.",,"Sai ho"
"Mahabir Pun is at National Innovation Center.",,"Budget ma aaula ni"
"Mahabir Pun is at National Innovation Center.",,"Heram"
"Mahabir Pun is at National Innovation Center.",,"समाज सडेको कुहियको भाग्यवादी जातिवादी मनुबादी  #ब्राह्मणवादी_value_system  मा चलेको छ। mindset  अझै भाग्यवादी छ। सोचाई ब्राह्मणवादीजगत मिथ्या, ब्रह्म सत्यममा चकेको छ भने खोयाको बिज्ञान प्रबिधी?? 

पहिला व्यक्तिमा  #scientific_temper आउनु पर्यो… समाज critically informed rational हुमुपर्यो.. अनि हुन्छ critical thinkng sahitako  बिज्ञान प्रबिधी नत्र देश खोया हो।

यसकारण...  आजको AI को बैज्ञानिक युगको समाजमा 🎀#scientific_temper,  तार्किकता, नैतिकता, मानबता, समता, स्वतन्त्रता, भाईचारा, न्याय  फैलाउने, श्रम र श्रमजीवी श्रमीकलाई समान गर्ने, भौतिकवादी, नास्तिक core #Buddhism वाला🎖️ #Ambedkarite_नवयाना_बुद्धिस्म को जरुरत छ... 
न कि 
ब्राह्मणवादी जातिवादी मनुबादीहरुको अबैज्ञानिक, अतार्किक, गौमुते, समाज भडुवा, बिभेदकारी, बिभाजनकारी, अमानबीय, अनैतिक,भ्रष्ट, पाखण्डी, अन्धविश्वासी, भाग्यवादी, हिंसावादी, जन्मजात श्रम र श्रमीकलाई घृणा गर्ने, परजीवी 🔕ब्राह्मण अधर्म, कुसस्कृति, कुसंस्कार को..

हामीलाई हिंसावादी,जातिवादी,पितृसत्तावादी, जन्मदै असमानतावादी, बिभाजनकारी,बिभेदी, अतार्किक, भ्रष्ट, बलात्कारी, हिंसक दानवहरुका प्रेरणा श्रोत  #राम, #कृष्ण र #मनु होइन बरु मानवतावादी, नैतिकतावादी, तर्कवादी, समानतवादी, स्वतन्त्रतावादी, न्यायवादी #बुद्ध, #अम्बेडकर र #मार्क्स चाहियको छ।

यसकारण, तिमीहरुको:
🔕#ब्राह्मणवाद मुर्दावाद, #मनुबाद मुर्दावाद, #जातिवाद मुर्दावाद, #ब्राह्मणवादी_पितृसत्ता मुर्दावाद.."
"Mahabir Pun is at National Innovation Center.",,"पाँच बर्ष एम पि खानुस"
"Mahabir Pun is at National Innovation Center.",,"Hajur le sallaha dinus naya lai bato dekjhaunus 😊"
"Mahabir Pun is at National Innovation Center.",,"महाबिर पुन ले राजनिती गर्ने होईन। काम छैन।जे छ काम आफ्नो किताब बेचेर खाउ☝️😡😡😯"
"Mahabir Pun is at National Innovation Center.",,"तपाईको कुरा 100% सहि हो। आजको युगमा जतिसुकै ठुलो देश  बनेको छ जुन यसैको माध्यम बाट बनेको छ। जस्तै अमेरिक, जापान ,बेलायत र भारत आदि विभिन्न देशहरु। त्यहा धेरै लगानी शिक्षा ,स्वास्थ र विज्ञान प्रविधिमा गर्छ त्यसै कारण अति अघि छ ।"
"Mahabir Pun is at National Innovation Center.",,"Sahi ho"
"Mahabir Pun is at National Innovation Center.",,"Abiskaar kendra banaauna tya sarkari jagga kiler gardaixan tapaiko pradhanmantri"
"Mahabir Pun is at National Innovation Center.",,"महावीर पुनज्यू तपाईँले आफ्नै पार्टी खोलेर चुनाव लड्या भए बहुमतको सरकार आउने थियो। अनि तपाईं आफ्नो इच्छा अनुसारको प्रधानमन्त्री बन्नुहुन्थ्यो अनि अहिले घाँटी फुल्ने र चिच्याउनुपर्ने अवस्था अन्त्य हुन्थ्यो। कुरो यस्तो हो नि। तपाईँलाई लाग्ला बानीले मेरा कुरा किन सुन्दैनन् सुन्दै सुन्दैन किनभनेपछि विदेशी एजेन्डामा बनेको सरकार हो। विदेशीको आर्थिक सहयोगमा जिन्जि आन्दोलन भएको थियो विदेशीकै आर्थिक सहयोगमा नेपाल आर्मी लगाएर घन्टी पार्टी जित्ने गरी षड्यन्त्रमूलक तरिकालेचुनाव गराइयो। अनि यो सरकार तपाईँको कुरा कसरी सुन्छ यसले त जसको नुन खायो त्यसैको कुरा सुन्ला विदेशीको नुन खाए विदेशीकै कुरा सुन्ला बालेन सरकार अनि तपाईँ आदि फुल लिने गरी चिच्याएर बोले पनि चाहे घाँटी फाट्ने गरी तपाईँले बोले पनि कुरा गर्यो कुरा कुरेको दुःख"
"Mahabir Pun is at National Innovation Center.",,"अब एकल नश्लियत हरुले भक्कु गाली दिने भयो पुन दाजै लाई।।"
"Mahabir Pun is at National Innovation Center.",,"Yo sarkar pani tei parako ho Ahile vatkaunu vandapni banaunu tarfa lagnu ramro hunethiyo tapaile vane jasto kurama ajhaipani jod diyana vane 500 barsa paxadi janexa nepal  china ko 70/80 million people lai k ghar bhatkayra garibi bata nikaleko ho ani Veda haru wa wa gardai basxan k vannu jantanai yestai vaya paxi ."
"Mahabir Pun is at National Innovation Center.",,"तिमी जस्ता बुदोले भनेको हुन्छ?सुन्छ बिद्रो गर्न सक्नु पर्छ बल्ल सुन्छ"
"Mahabir Pun is at National Innovation Center.",,"दाजु एक्चोटी क्लास लिनुस त।।"
"Mahabir Pun is at National Innovation Center.",,"I am from Balenside: herirahanus support garnus maile galat kam ke gardina yadakadi garihalexu vane tyo mero mistake ho sujhab ra sudharne mauka dinuhola hasta Dhanyabad  Tara ma agi badnai parxa kinaki ma janta ko biswas hu 🙏🙏🙏"
"Mahabir Pun is at National Innovation Center.",,"तिम्रो काम हेर्ने मात्रै रहेछ हेर्दै बस! अरुको चाकरी गर्नु भन्दा आफै
मगराँत एउटा पार्टी खोल्नु बरु क्षेत्री बाहुनको चाकरी गर्दै बस् बुढा..."
"Mahabir Pun is at National Innovation Center.",,"जे गर्छ बालेन ले गर्छ ? जय बालेन"
"Mahabir Pun is at National Innovation Center.",,"बाचुन्जेल वास्ता नगर्ने मरेपछि फुलमालाले श्रद्धाञ्जली दिने ठाउमा जन्मेको छौ बैज्ञानिक ज्यु मलाइ चाहिँ आसा छैन।"
"Mahabir Pun is at National Innovation Center.",,"तातै खाउ जल्दि मरउ भन्या जस्तो तिमीले पो हर्केको बिढो थाम्ला जस्तो गर्छौ त ! ५ बर्ष छ त ५ महिना नहुदै कति आतिएको अरू काम हुदैछ सबै काम एकै चोटी कहा कस्ले गर्न सम्भव छ? बुढीलाई पनि बिहे गर्ने बितिकै छिटो बच्चा जन्मा भनेर हैरान पारेउ होला हैन भने ९ महिना लाग्छ बच्चा जन्मिन सबैलाई थाहा छ त। हजूर बरिस्ठ हस्त नमस्ते।😂👏"
"Mahabir Pun is at National Innovation Center.",,"Ma ni herdai xu dr. sir tr yo sarkar  lw nagare vane ab satabdisamm ni aaune sarkarle garna sakne wala xain."
"Mahabir Pun is at National Innovation Center.",,"buda manenan vane 1 round kick handeu eklai sakdainau vane malai ni bolau ma ni aauxu"
"Mahabir Pun is at National Innovation Center.",,"स्वातन्त्र मान्छे तपाईं न यत न उता न घरको न घाट बरा बिजोक हुने भो तपाईंको मैले देखेको🙆"
"Mahabir Pun is at National Innovation Center.",,"Tyape muji ley k garxa aru ko ghar vatkai dinxa"
"Mahabir Pun is at National Innovation Center.",,"Balen Sang baser vannu paro hajur le"
"Mahabir Pun is at National Innovation Center.",,"सही कुरो 
HARKE हवल्दार पछि BALEN ले माया गर्ने भनेको नै तपाई हो☺️🤭"
"Mahabir Pun is at National Innovation Center.",,"Innovation nae development ko bato ho vanni bujhna jaruri xa bato dekhauni hajur hunuhunxa dhukka xau tyo vayara nae chodxa"
"Mahabir Pun is at National Innovation Center.",,"हेर्ने कि साथ दिने हौ मान्यज्यु
उता हर्क ले नै डिमाख खराब गरिसके"
"Mahabir Pun is at National Innovation Center.",,"हेर्ने बाहेक अरु उपाय छैन Mahabir Pun सर के गर्नु हजुर नै प्रधानमन्त्री भएको भए हुने थियो। तपाईंको जस्तो सरल सोच कसैको भएन । गाह्राे तरिकाले सोचेर देशलाई गार्‍हो पार्ने मात्र प्रधानमन्त्री हुन्छ के गर्नु।"
"Mahabir Pun is at National Innovation Center.",,"संसद मा कुरा राखन परों"
"Mahabir Pun is at National Innovation Center.",,"बाबै राजनीतिमा छिरेर गल्ती गर्यो नी। बरु नआएको भए सुन्थे तिम्रा कुरा।"
"Mahabir Pun is at National Innovation Center.",,"Waha ho real pratipaxi uff nispaxa"
"Mahabir Pun is at National Innovation Center.",,"Tapai ta jane bujeko bekti hunuhuncha aso vetbarta huni bela guff garnu na yo besayama"
"Mahabir Pun is at National Innovation Center.",,"Hiju matra pm le 52 million dollars 💵 rin linu vayaxa abo desh rin bokayara saline vaya."
"Mahabir Pun is at National Innovation Center.",,"Khoi yo sarkar suteko jasto lagyo purano jastai"
"Mahabir Pun is at National Innovation Center.",,"यो सरकारले तपाईं कुरा सुनोस। यहाँ प्रत्येकका आ-आफ्नै स्वार्थ छन, तपाईं मात्र एउटा ब्यक्ती हो, जो निस्वार्थ देशको हित चिताउनु हुन्छ।"
"Mahabir Pun is at National Innovation Center.",,"Sida kura garnu vayo 
 sabaile bujnu parne chei yo kura ho arukei bujna jaruri xaina..."
"Mahabir Pun is at National Innovation Center.",,"मोटे दाईको मोटो बुद्धीमा घाम लाग्न थालेको हो त बल्ल???"
"Mahabir Pun is at National Innovation Center.",,"बालेन ले बाल मतलब दिन्छ तपाईलाई"
"Mahabir Pun is at National Innovation Center.",,"संसद मा राख्ने कुरा फेस्बुक मा हामी गुहिए लाई सुनाएर हुन्छ र? तपाईंको सहि माग गर्ने सहि ठाउँमा हुनुहुन्छ लडेर ल्याउनुस न लेखेर र त जीवन आधा भन्दा धेरै गयो माननीय ज्यु🙏❤️"
"Mahabir Pun is at National Innovation Center.",,"के नियाल्यानु हुन्छ दिन दिनै घर भत्किदैछ मान्छे सरकारले लगे पनि जनावार लगेना सुकुम्बासि जनावारको मायाले पानी ले भिझ्दै गरेको हेर्नुस मान्ननिय ज्यु सरकारले जे गर्यो राम्रो नराम्रो दुबै भको ,असलि सुकुम्बासि बोल्दैना सक्कली सडकमा आईसके हेर्नुस सानो आखा चस्मा लायर 🤣🙏🏻"
"Mahabir Pun is at National Innovation Center.",,"गरिबहरुलाई टुडिखेलमा लगेर बुटुङटुङ गोली हानेर गरिब रहित देश बनाऊ !"
"Mahabir Pun is at National Innovation Center.",,"अब दरो गाली गर्ने भो घण्टेहरुले महाबिर पुन लाई।राम्रो कुरा पच्दैन घम्टेको झोलेहरुलाई।"
"Mahabir Pun is at National Innovation Center.",,"Research nagari desh ta Nabanne nai ho, but paile safa garnu parne hola. Ministry of education antargat euta research wing banauda sajilo hola."
"Mahabir Pun is at National Innovation Center.",,"सहमत काका त्यहि केहि खस्दैन भनेरै विरोध गरेकै हो देश सहि वाटोमा नजांदा सम्म विरोध रहन्छ डल्ले काका 🙏🏻🇳🇵"
"Mahabir Pun is at National Innovation Center.",,"जो आएनी कानै चिरो जस्तो हुनेभयो हजुर को कुरामा हामी त साथ छौ सर राम्रो कुरामा"
"Mahabir Pun is at National Innovation Center.",,"पक्कै गर्छन्, नगरि सुखै छैन! घचघच्याउनचाहिं छोडन हुँदैन!!"
"Mahabir Pun is at National Innovation Center.",,"ठाउमा हुदा गर्नु पऱ्यो आब चाडो"
"Mahabir Pun is at National Innovation Center.",,"Ani thik vairaa xaina ta baa"
"Mahabir Pun is at National Innovation Center.",,"त्यो सबै गर्नुपर्छ भन्ने सरकार छ, निश्चित रूपमा अब अनुसन्धान र नवप्रवर्तनको काम अवश्य शुरु हुनेछ"
"Mahabir Pun is at National Innovation Center.",,"अनि १० बर्ष मा सबै खत्तम भो भन्ने स्वर्णिम वाग्ले ले के रिपोर्ट निकालेछ ठिस पुन ज्यु?"
"Mahabir Pun is at National Innovation Center.",,"सरकारले अध्यादेश ले चलाइरखोस् म किताब बेचिरान्छु सोच्ने मुर्ख संसात के हेर्छाउ बैठक बस्नु पर्दैन हेरिबस् भत्ता पचाउ जउ खलास जै राम जि की।"
"Mahabir Pun is at National Innovation Center.",,"अध्यादेश ल्याएर काम रफ्तारमा गरिरहेको छ रे त यो सरकारले🤣🤣🤣अध्यादेश ल्याएर काम गर्दा तपाइँको पनि चित्त बुझेको होइनर??🤣🤣🤣"
"Mahabir Pun is at National Innovation Center.",,"सास्म्सद जि सिदै भेतेर कुर गर्नु न !!फेस्बुका लेखेर हुन्छ र???"
"Mahabir Pun is at National Innovation Center.",,"बालेन सरकारले गर्छ सर हजुर अब ढुक्क हुनु सर।"
"Mahabir Pun is at National Innovation Center.",,"अबो ग्यारेज चलाएर मिस्त्री भेला पारेर बिग्रेको समान मर्मत गरेर विज्ञान विज्ञान हुँदैन हौँ 
बिहानै मुख नधोइ नधोइ किताब बेच्नु त्यही बाहाना पहिएको छ् खुसी हौँ। बाजे"
"Mahabir Pun is at National Innovation Center.",,"ab palo aaux"
"Mahabir Pun is at National Innovation Center.",,"श्रम स्स्कृति आयो भने जबरजस्ती भये पनि तपाईको हाम्रो चाहाना पुरा हुन्छ यो रचनात्मक विकास सामान्य बाट गर्ने कोसीस उसैले गर्छ।
 न पैसा न के ग्वाम कि ग्वाम रीण लेको छ।
बिचार छैन हेर्दै जानु हर्क साम्पाङ नभयेको भये यूरोनियम बेच्ने दस्तावेज प्रस्तुत भैसक्थ्यो मलाई सरकार प्रति 100% मा 80% Doubt लाग्छ चुनाव बाटै
रिम्रा कुरिको तपाई जसरी नै समर्थन गर्छु सरकारको तर यो फकाउने जनताको ध्यान खिच्ने जस्तो जस्तो लाग्छ केही दिन अघी Army use गर्ने कुरा आउदा मलाई यति संका लाग्यो बाफ्रे कुनै कानुन मै लेखिएको छैन रिपोट संकलनमा सेनाखटाउन के अन्धो ठानेका भन्या।
कुनै कुनै कुरा निकै अचम्म लाग्ने गरी आउछ तर फर्कन्छ। बिकास चाहाने भये संसद को केहि%तलब नै काटौ गरौॅ भन्ने थिए सम्पन्न सबै छन् किन भन्दैनन्??

नेपाली हरूलाई नेपालमा उत्पादन आविष्कार गर्नै छैन, यो सम्झदा पुरै दिमाग रन्केर आउछ।"
"Mahabir Pun is at National Innovation Center.",,"Vakhar ta 1 mahina hudai xa timi buda pani kati pressure deko. Kitab bechna ma dhyan deuu"
"Mahabir Pun is at National Innovation Center.",,"Balen bichar choge bela mai!!"
